{"start_value": 10000, "end_value": 12613.91669182007, "total_pnl": 2613.91669182007}