{"start_value": 10000, "end_value": 12897.511289229848, "total_pnl": 2897.5112892298475}